cno,cname,period,credit,teacher
PHYS210209,热学,48,3.0,高博
PHYS210409,电磁学,48,3.0,刘博
PHYS215409,电磁学,64,4.0,韩磊
PHYS215509,普通物理学原子物理学,64,4.0,邵国运
PHYS260309,大学物理III,64,4.0,潘杰
PHYS260409,大学物理IV,64,4.0,景泽锋
PHYS280209,大学物理实验II,32,1.0,张伟
PHYS281009,现代物理基础导论,48,3.0,赵迪
PHYS281509,大学物理II-1,64,4.0,张二虎
PHYS281809,大学物理实验I-1,32,1.0,唐勤
PHYS282309,自然科学发展概论,48,3.0,刘杰
PHYS282509,理论力学,48,3.0,冯俊
PHYS282609,物理（民族预科）,64,4.0,方爱平
PHYS283509,大学物理学（实验）Ⅰ,32,1.0,翟立朋
PHYS283709,大学物理学（理论）1,64,4.0,李宏荣
PHYS283909,基础物理实验-1,32,1.0,王雪冬
PHYS300228,创新物理实验Ⅰ,64,2.0,王红理
PHYS300328,综合物理实验Ⅰ-1,48,1.5,张俊武
PHYS311309,电动力学,64,4.0,张鸿飞
PHYS316209,理论力学,64,4.0,李福利
PHYS316309,电动力学,80,5.0,田光善
PHYS316609,固体物理,48,3.0,王宇
PHYS317609,基础物理（原子物理学）,48,3.0,黄永义
PHYS317809,综合物理实验Ⅱ-1,32,1.0,张俊武
PHYS318009,创新物理实验II,32,1.0,王红理
PHYS318109,科创实践训练,64,2.0,赵迪
PHYS400128,原子物理学,64,4.0,赵永涛
PHYS400228,原子分子光物理,48,3.0,赵迪
PHYS401209,量子光学与量子信息导论,32,2.0,张沛
PHYS401528,核技术基础,48,3.0,赵永涛
PHYS403709,光学设计,32,2.0,唐茜
PHYS404909,材料物理专门实验2,32,1.0,郭永利
PHYS405209,材料科学基础II,48,3.0,卢学刚
PHYS405609,粒子物理导论,32,2.0,李荣
PHYS405809,核物理导论,48,3.0,毛施君
PHYS405909,凝聚态物理专业实验,32,1.0,杨宏
PHYS406009,凝聚态物理学导论,64,4.0,夏明岗
PHYS406109,材料物理性质,32,2.0,周超
PHYS406309,材料研究方法,32,2.0,张晖
PHYS406409,量子信息创新实验,32,1.0,张沛
PHYS523609,信息光学,48,3.0,刘瑞丰
PHYS523809,数字图像处理与分析,48,3.0,张俊武
PHYS524909,材料计算与模拟,32,2.0,杨涛
PHYS541609,科研训练II,32,1.0,赵迪
PHYS546509,科研训练I,32,1.0,冯俊
PHYS565909,非线性光学,32,2.0,卫栋
PHYS566509,纳米物理导论,32,2.0,夏明岗
CHEM200229,储能化学基础-2,48,3.0,肖春辉
CHEM200429,化学专业导论课,16,1.0,唐玉海
CHEM200529,物理及化学基础实验,64,2.0,白艳红
CHEM200629,基础化学Ⅰ,32,2.0,李健军
CHEM201129,无机化学Ⅰ-2,32,2.0,张雯
CHEM245009,分析化学,96,5.0,李银环
CHEM246009,医用近代仪器分析,32,2.0,梁军艳
CHEM249009,物理化学,112,5.5,李骁勇
CHEM249609,物质结构与性质-有机篇,88,4.0,王丽娟
CHEM249809,大学化学,48,3.0,张志成
CHEM249909,大学化学实验,32,1.0,王婉秦
CHEM250109,医用有机化学,64,4.0,饶彬
CHEM250309,医用有机化学实验,48,1.5,许昭
CHEM250509,普通化学原理-2,64,3.0,胡敏
CHEM250909,物理化学Ⅱ,64,4.0,卜腊菊
CHEM251009,有机化学Ⅱ,64,4.0,李静
CHEM251109,有机化学Ⅲ,48,3.0,郭丽娜
CHEM251309,无机与分析化学实验,32,1.0,高培红
CHEM251409,无机与分析化学,48,3.0,李银环
CHEM251809,化学原理,96,5.0,张志成
CHEM252309,储能化学基础实验-2,16,0.5,白艳红
CHEM252409,储能化学基础-2,48,3.0,高国新
CHEM300229,储能原理Ⅰ,48,3.0,丁书江
CHEM300729,分析化学Ⅰ,32,2.0,李银环
CHEM300829,分析化学实验Ⅰ,32,1.0,高瑞霞
CHEM301129,无机化学实验Ⅰ-2,64,2.0,张雯
CHEM320309,现代仪器分析,40,2.5,胡敏
CHEM320409,现代仪器分析实验,32,1.0,杜姣姣
CHEM340709,Organic Chemistry,64,4.0,王丽娟
CHEM341909,物理化学实验-1,32,1.0,王耿
CHEM342009,有机化学实验-1,32,1.0,蔡文婷
CHEM342209,物理化学Ⅰ-1,64,4.0,赵翔
CHEM342309,有机化学Ⅰ-2,48,3.0,段新华
CHEM342409,有机化学实验-2,80,2.5,朱敏
CHEM343409,储能原理-1,48,3.0,丁书江
CHEM400129,高等分析化学,32,2.0,高瑞霞
CHEM400229,化学绘图基础,32,2.0,周桂江
CHEM400329,有机合成化学,32,2.0,郭丽娜
CHEM450509,文献检索与科技写作,32,2.0,丁书江
CHEM450709,配位化学,32,2.0,卜腊菊
CHEM451109,材料化学基础,32,2.0,于德梅
CHEM451209,化学生物学基础,32,2.0,孙杨
CHEM451709,高分子化学,32,2.0,成一龙
CHEM451809,无机制备化学,32,2.0,梁军艳
CHEM451909,电化学基础,48,3.0,肖春辉
CHEM452009,高分子物理实验,48,1.5,李瑜
CHEM452109,高分子物理,32,2.0,井新利
CHEM452209,高分子化学实验,48,1.5,杨帆
CHEM500109,胶体与界面化学,32,2.0,孟令杰
CHEM500409,应用电化学,32,2.0,徐明
CHEM501209,高分子物理,32,2.0,王淑娟
CHEM501309,先进功能材料,32,2.0,张彦峰
CORE100209,化学与人类文明,32,2.0,许昭
GNED100209,分析化学与社会发展,32,2.0,许昭
GNED100229,化美生活——化妆品赏析与探秘,40,2.0,葛治伸
JZSJ900109,科研训练-3,32,1.0,吕东梅
CORE100154,国际关系分析,32,2.0,李科
CORE100254,孙子兵法的智慧,32,2.0,徐宇春
CORE100354,战争与谋略：二战经典战役评析,32,2.0,问鸿滨
GNED105954,海洋安全与大国崛起,32,2.0,张昊
GNED106254,轻武器射击理论与实践,32,2.0,问鸿滨
GNED109500,国家安全问题透视,32,2.0,初阔林
MILI100554,国防教育,32,2.0,张昊
EPRA300252,电工实习Ⅰ,32,1.0,张春梅
ETRA300152,综合工程训练1,40,1.0,张春梅
ETRA300252,综合工程训练3,40,1.0,张春梅
ETRA300352,综合工程训练2,40,1.0,张春梅
ETRA300452,综合工程训练Ⅳ,32,1.0,张春梅
GNED100152,电子创新与创客实践,40,2.0,张春梅
GNED100252,机器人创意设计与实践,48,2.0,张育林
MCRA200152,测控实习,32,1.0,李铭
MPRA200152,金工实习Ⅱ,32,1.0,栗茂林
MPRA200252,金工实习Ⅲ-2,64,1.0,栗茂林
MPRA200452,金工实习Ⅰ,64,2.0,栗茂林
CORE100151,经济学导论,32,2.0,秦波涛
CORE100251,经济学的思维方式,32,2.0,俞炜华
CORE100351,华尔街如何管理金融风险：交大财富课,32,2.0,张国平
ECND300351,中级微观经济学Intermediate Microeconomics,64,4.0,WOO HEE YEUL
ECND300451,中级宏观经济学Intermediate Macroeconomics,64,4.0,张一
ECND400651,产业经济学Industrial Economics,48,3.0,郭誉森
ECND400951,时间序列分析Time Series Analysis,48,3.0,Jae-Yoon Kim
FINA300851,金融学原理,48,3.0,赵媛
FINA400251,货币银行学Money and Banking,32,2.0,侯晓辉
FINA400351,金融市场学,32,2.0,周翔翼
FINA500251,金融风险管理Financial Risk Management,32,2.0,李晶
GNED100151,经济学与社会,16,1.0,俞炜华
GNED100251,经济学与历史,32,2.0,俞炜华
XJLU400251,Principles of Macroeconomics,150,5.0,BIBASWAN CHATTERJEE
XJLU400351,Maths for Economics and Business,150,5.0,胡琳
XJLU400451,Foundations of Finance,150,5.0,李晶
XJLU400751,Introduction to Finance,150,5.0,侯晓辉
0RAC501500,妇产科生产实习B,0,6.0,李雪兰
0RAC502200,外科生产实习B,0,18.0,孙学军
BASM300248,病理生理学,90,5.0,刘瑞
BASM300348,局部解剖学,108,4.0,董炜疆
BASM300548,病理学,153,7.5,张海峰
BASM300848,病理生理学,60,3.0,刘瑞
BASM301048,人体寄生虫学,36,2.0,司开卫
BASM301248,组织学与胚胎学,96,5.0,吴晓林
BASM302748,病理解剖学,68,3.5,任淑婷
BASM302848,药理学Ⅰ,24,1.5,陈莉娜
BASM303148,口腔局部解剖学,72,4.0,董炜疆
BASM304248,局部解剖学,64,2.5,许杰华
BASM304348,医学微生物学,56,3.0,陈艳炯
BASM304748,医学微生物学,48,2.5,王洪亮
BASM304948,机能实验学,48,1.5,胡浩
BASM305048,人体分子与细胞- II,64,4.0,杨旭东
BASM305148,人体形态学-II,24,1.5,孙颖
BASM305248,整合实验-Ⅱ,112,3.5,周党侠
BASM305648,人体功能学,96,6.0,张莉
BASM305748,人体分子与细胞-Ⅰ,64,4.0,赵柏林
BASM305848,基本科研素养,24,1.5,刘进军
BASM305948,人体分子与细胞,64,4.0,李冬民
BASM311140,医学实验动物学,32,1.5,刘恩岐
BASM311340,口腔局部解剖学,56,2.0,张建水
BASM311540,生理学,56,3.5,王涛
BASM311640,免疫学,40,2.0,史霖
BASM311840,病理生理学,32,2.0,李会霞
BASM311940,病理学,40,2.0,王一理
BASM312040,机能实验学Ⅰ,32,1.0,胡浩
BASM312540,生理学,64,4.0,孟凯
BASM312640,免疫学,50,2.5,王军阳
BASM312840,病理学,96,4.5,孙颖
BASM312940,生物信息学,32,1.5,韩蕾
BASM313040,机能实验学Ⅰ,32,1.0,史小莲
BASM313240,医用电子显微技术,24,1.0,马捷
BASM313340,全科医学教育,32,2.0,宋彬
BASM313440,药理学,48,3.0,贺建宇
BASM313640,医学遗传学,30,1.5,陈妍珂
BASM313740,生理学,40,2.0,康玉明
BASM314240,药理学,64,4.0,赵铭
BASM400140,药理学,88,4.0,赵铭
BASM400348,病理学,104,5.0,任淑婷
BASM400448,免疫学与分子免疫学,68,3.5,王军阳
BASM400648,神经生物学,32,2.0,吕海侠
BASM400848,生理学,72,4.5,孟凯
BASM401148,分子生物学实验方法与技术,32,1.0,杨旭东
BASM401348,机能学实验方法与技术Ⅰ,32,1.0,胡浩
BASM401448,机能学实验方法与技术Ⅲ,24,0.5,胡浩
BASM401548,学科交叉专题,32,2.0,张德文
BASM401648,综合实验设计,32,1.0,吕海侠
BASM401748,局部解剖学,72,2.5,杨维娜
BASM401848,医学微生物学基础与进展,60,3.0,王洪亮
BASM402148,病理学,56,3.5,王一理
BASM402248,医学微生物学基础与进展,44,2.5,陈艳炯
BASM402348,免疫学与分子免疫学,50,3.0,王军阳
BASM500140,断面解剖学,32,2.0,董炜疆
BASM500248,结构生物学,48,2.5,焦联营
BASM900148,前沿讲座,32,2.0,孟列素
BICH300940,生物化学,32,2.0,马捷
BIME300148,医工学基础,32,2.0,吴春生
BIOL300148,生物化学,128,7.0,李海韵
BIOL300548,分子生物学,44,2.0,蒋小英
CENG400148,化工原理,72,4.5,杨小平
CLIM300948,眼科学,24,1.5,郑玉萍
CLIM301248,放射诊断学,48,2.0,杨健
CLIM301348,耳鼻咽喉科学,24,1.5,闫静
CLIM301448,医患沟通与技巧,16,1.0,常捷
CLIM400348,中医学,56,2.5,孙连庆
CLIM400448,精神病学,32,1.5,高成阁
CLIM400548,内科学,48,2.5,张岩
CLIM400748,神经病学,54,2.5,罗国刚
CLIM400948,皮肤性病学,32,1.5,周艳
CLIM401048,急诊医学,32,1.5,石秦东
CLIM401548,眼科学,32,1.5,郑玉萍
CLIM401648,儿科学,108,5.5,史瑞明
CLIM401748,急诊医学,30,1.5,石秦东
CLIM401848,医学影像学,72,3.0,张月浪
CLIM401948,皮肤性病学,27,1.5,周艳
CLIM402048,口腔科学,32,1.5,陈曦
CLIM402448,诊断学,120,5.5,陈明伟
CLIM402548,耳鼻咽喉科学,32,1.5,权芳
CLIM402848,老年病学,32,2.0,苏显明
CLIM402948,内科学Ⅰ,56,3.0,浮姣
CLIM403048,耳鼻咽喉科学,27,1.5,韩鹏
CLIM403148,眼科学,27,1.5,刘钊
CLIM403248,急诊医学,28,1.0,裴红红
CLIM403448,外科学,84,3.5,曹罡
CLIM403648,医学影像学,90,4.0,杨健
CLIM403748,内科学Ⅰ,72,3.5,杨拴盈
CLIM403848,口腔科学,27,1.5,陈曦
CLIM404048,精神病学,27,1.5,陈云春
CLIM404248,外科学Ⅰ,120,6.0,邢俊平
CLIM404348,传染病学,72,3.0,何英利
CLIM404648,女性生殖系统疾病,94,4.5,韩蓁
CLIM404848,皮肤性病学,44,2.5,牟宽厚
CLIM405048,眼科学,44,2.5,裴澄
CLIM405148,血液与肿瘤疾病,59,3.0,王怀宇
CLIM405348,耳鼻咽喉科学,44,2.5,张少强
CLIM405448,儿童生长发育疾病,60,3.0,帖利军
CLIM406348,毕业考试,0,0.0,张银萍
CLIM406648,运动系统与疾病,48,2.5,李浩鹏
CLIM406848,呼吸系统与疾病,68,3.5,周党侠
CLIM407148,肿瘤学概论,32,2.0,刘棣
CLIM407348,心血管系统与疾病,68,3.5,牟建军
CLIM408348,诊断学,158,7.5,强薇
CLIM408448,外科学-1,126,6.0,廖新华
CLIM408848,临床技能学,30,1.0,柏宏亮
CLIM408948,神经与精神疾病,60,3.0,王亚萍
CLIM409048,临床医学导论,64,3.0,和水祥
CLIM409148,运动系统与疾病,40,2.0,李浩鹏
CLIM409248,免疫系统与疾病,36,2.0,季延红
CLIM409348,病原与感染性疾病,64,3.0,杨娥
CLIM500144,核医学,32,1.5,邓惠兴
CLIM500148,临床病理学,24,1.5,杨军
CORE100148,健康与疾病,32,2.0,田刚
EELC322440,医用电子学,32,2.0,张方
ENGL300447,护理专业英语,24,1.5,张银萍
FORM300143,法医学导论,16,1.0,王振原
FORM400143,法医法学,48,2.5,魏曙光
FORM400248,法医案例综合分析,24,1.5,王振原
FORM400443,法医病理学,160,7.5,王振原
FORM400543,法医物证学,120,5.5,赖江华
FORM400548,法医毒理学,56,3.0,马丽霞
FORM400648,法医毒物分析,64,2.5,马丽霞
FORM400748,精神病学与法医精神病学,64,3.5,韩卫
FORM400848,法医临床学与人类学,88,4.5,顾姗智
FORM500148,法医心理学,44,2.5,党永辉
GNED100348,微生物感染与健康,32,2.0,王洪亮
GNED100748,基因的奥秘,32,2.0,王福
GNED100948,健康素养导论,32,2.0,毛国超
GNED101348,先进生物材料与人类健康,32,2.0,蔡文
GNED101648,健康管理的自我规划与实施,32,2.0,马茂
GNED101748,人体的奥秘,32,2.0,陈丽
HIST300140,医学史,24,1.5,王明旭
INFT320340,医学信息检索与利用,16,1.0,翟中会
JZSJ400247,临床护理实习,0,19.0,王小琴
JZSJ400443,法医专业实习,0,10.0,朱杰
JZSJ400448,临床技能训练,0,1.0,张澍
JZSJ400548,临床内外科实习,0,9.0,马肖容
JZSJ400748,临床教学实习,0,16.0,马肖容
JZSJ400948,基础科研训练,0,2.0,吕海侠
JZSJ900148,专业实习,160,4.0,吕海侠
JZSJ900348,临床药学专题实习,400,10.0,张抗怀
JZSJ901048,口腔基础技能训练,80,2.0,裴丹丹
JZSJ901148,社区护理实习,80,1.0,郭晓元
JZSJ901948,外科生产实习Ⅰ,720,18.0,种铁
JZSJ902048,口腔外科生产实习,640,16.0,肖刚
JZSJ902248,传染科生产实习,120,3.0,王渊
JZSJ902548,内科生产实习Ⅲ,560,14.0,王渊
JZSJ902848,妇产科生产实习Ⅰ,240,6.0,薛翔
JZSJ902948,儿科生产实习,120,3.0,王渊
MAGT400142,药事管理学,48,3.0,方宇
MATL400148,口腔材料学,32,1.5,邓晓红
NURS300248,护理人文素养,48,2.5,周凯娜
NURS300448,健康评估,64,3.0,施齐芳
NURS300548,护理教育学,30,1.5,李津
NURS300648,基础护理学 Ⅰ,80,3.5,王娣妙
NURS300748,护理学导论,48,2.5,李小妹
NURS400248,护理研究,28,1.5,蒋文慧
NURS400447,老年护理学,24,1.5,顾炜
NURS400448,护理管理学,28,1.5,顾炜
NURS400548,急危重症护理学,32,1.5,张银萍
NURS400648,外科护理学 Ⅱ,72,3.5,高睿
NURS401048,内科护理学 Ⅱ,72,3.5,李宁
NURS401248,精神健康与心理护理,48,2.5,马明芳
PHMA300348,生药学,64,3.0,牛晓峰
PHMA300448,药物分析,64,3.0,侯晓芳
PHMA300548,药物流行病学,24,1.5,吴谦
PHMA300648,生物药剂学,40,2.0,李维凤
PHMA303842,波谱解析,40,2.5,朱宇红
PHMA303942,药用植物学,56,2.5,牛晓峰
PHMA304042,有机化合物波谱解析,40,2.5,张卉
PHMA400542,药物分析学,80,4.0,曾爱国
PHMA401042,工业药剂学,84,4.0,李维凤
PHMA401142,化学制药工艺学,64,3.0,张三奇
PHMA401348,药物合成反应,110,5.0,黄渊
PHMA401948,天然药物化学,48,3.0,郭增军
PHMA402048,药剂学,100,4.5,邢建峰
PHMA402148,临床药物治疗学各论 Ⅱ,80,4.0,刘晨伟
PHMA402248,临床药物治疗学各论 Ⅰ,80,4.0,王海涛
PHMA402348,工业药物分析,64,3.0,曾爱国
PHMA500442,临床药物治疗学,32,2.0,方宇
PHMA500448,药物设计学,24,1.5,边晓丽
PHMA500542,药学研究进展,32,2.0,方宇
PHMA500642,分子生药学,36,1.5,王戌梅
PHMA500648,药物分离与检测科学,24,1.5,侯晓芳
PHMA500948,药品生产质量管理,18,1.0,姜明欢
PHYS200148,生物物理学,32,2.0,吴春生
PSYL300447,护理心理学基础,56,3.0,张银萍
PUBH300348,临床营养学,24,1.5,程悦
PUBH400241,卫生化学,56,2.5,韩蓓
PUBH400341,卫生毒理学,64,3.0,石兴民
PUBH400441,卫生微生物学,40,2.0,薛晚利
PUBH400541,数据管理与分析,32,1.5,吴谦
STAT300141,生物统计学,32,1.5,肖生彬
STAT400141,生物统计学,96,4.5,党少农
STOM060146,口腔医学导论,16,1.0,董炜疆
STOM400948,口腔生物学,40,2.0,李昂
STOM402048,牙周病学Ⅰ,24,1.5,苗棣
STOM402148,全口义齿修复学,80,3.0,牛林
STOM402248,牙体手术学,48,2.0,董茜茜
STOM402348,牙合学,24,1.0,刘瑞瑞
STOM402448,口腔放射诊断学,40,2.0,王涛
STOM402548,社区牙科学,48,2.0,阮建平
STOM402648,牙髓病学Ⅱ,80,3.5,董茜茜
STOM402948,口腔颌面外科学Ⅲ,60,2.5,毕思思
STOM403148,口腔病理学,56,2.5,齐红
STOM403348,口腔正畸学,104,4.5,侯玉霞
STOM403448,口腔种植学,20,1.0,周秦
STOM403648,牙体形态学,78,3.0,孙慧玲
STOM403848,儿童牙病学Ⅱ,44,2.0,肖刚
INFT530105,信息论基础The Elements of Information Theory,40,2.5,邓科
EELC000127,电子科学与技术专业导论,16,1.0,李永东
INFT534105,天线原理,32,2.0,陈晓明
EELC420905,模拟集成电路专题实验,48,1.5,齐欢欢
EELC300227,数字逻辑电路实验Ⅱ,32,1.0,杨栋
INFT400405,电磁场理论I,56,3.5,吴胜利
EELC513105,光电子材料与器件（双语）,32,2.0,云峰
EELC511305,现代微分析导论,32,2.0,王领航
EELC513305,激光原理与技术,40,2.5,樊叔维
EELC530905,等离子体电子学导论,32,2.0,李永东
EELC511205,材料物理化学,40,2.5,李振荣
EELC530805,信号与系统VI,56,3.0,王洪广
EELC513205,现代光学,40,2.5,陈烽
ITDE514405,电子系统设计制作,32,1.0,张彦鹏
ITDE514105,太阳能电池设计制作,32,1.0,易文辉
EELC512105,信息显示技术（双语）,40,2.5,胡文波
ITDE514305,压电器件设计制作,32,1.0,夏颂
PHYS410205,热力学与统计物理,32,2.0,尹行天
COMP000105,计算机科学技术导论,16,1.0,师斌
PHYS410105,量子力学,32,2.0,谭文疆
COMP350405,数据结构与算法A（拔尖班）,80,4.0,乔亚男
COMP461405,数据库系统,64,3.5,任雪斌
COMP462105,数据库系统,48,2.5,何亮
SCTR400405,计算机科研习课,128,4.0,唐亚哲
EELC400227,电化学基础,56,3.0,易文辉
COMP460605,计算机网络专题实验,32,1.0,张利平
COMP450305,形式语言与编译,56,3.5,赵银亮
COMP561705,软件工程,32,2.0,王鸽
COMP561805,JAVA语言程序设计,40,2.0,冯伟
EELC400105,数字逻辑电路,56,3.5,王龙翔
ELEC300327,现代电子技术基础,56,3.0,徐然
COMP400727,计算机系统导论,64,3.5,单丹枫
COMP461505,计算机体系结构,56,3.0,陈衡
COMP400527,人工智能导论,32,2.0,张玲玲
COMP550605,组合数学,32,2.0,蔺杰
COMP460905,认知计算与机器学习,40,2.0,鲍军鹏
COMP550305,面向对象程序设计,48,2.5,李保红
COMP460805,传感与检测专题实验,32,1.0,张利平
SCTR400205,论文写作与发表,16,1.0,唐亚哲
AUTO501027,信息物理融合能源系统,32,2.0,管晓宏
COMP462205,算法分析与设计,48,2.5,赖欣
COMP462805,物联网信息安全,40,2.0,桂小林
COMP562205,计算机视觉与模式识别,48,2.5,苏远歧
COMP553005,电子系统设计专题实验2,16,0.5,郑卫斌
COMP462705,物联网原理,56,3.5,桂小林
COMP560805,物体标识与管理专题实验,32,1.0,安健
EELC300505,电子技术实验-2,16,0.5,张利平
AUTO200527,储能系统检测与估计,32,2.0,张乐
EELC400827,电化学基础,56,3.0,徐友龙
COMP560105,计算机组成原理,48,3.0,秦涛
COMP550705,软件定义网络,40,2.0,张鹏
COMP300205,程序设计基础,56,3.0,赵玺
INFT530905,随机信号分析,32,2.0,李国兵
COMP451105,编译器设计专题实验,32,1.0,戴慧珺
SOFT400111,面向对象程序设计方法,32,2.0,原盛
AUTO545805,计算智能,32,2.0,柯良军
MATH300111,图论与代数系统,32,2.0,李文
EELC522005,微机电系统,32,2.0,韩传余
EELC410905,微电子学实验,32,1.0,王景平
INFT430605,信号与系统实验,16,0.5,张建国
EELC422105,数字系统设计基础,32,2.0,梁峰
SOFT900811,图像处理与机器视觉综合训练,16,0.5,田智强
COMP250905,面向对象与数据分析（C#）,40,2.0,齐琪
INFT431005,无线通信系统虚拟仿真实验,16,0.5,张国梅
INFT533605,电子系统设计基础,32,1.0,洪玺
AUTO400505,自动控制原理 I 下,32,2.0,朱洪艳
SOFT510911,编译系统设计综合训练,16,0.5,吴晓军
INFT300205,信息工程专业导论,8,0.5,罗新民
COMP462305,计算机原理与嵌入式系统,48,3.0,杨晨
AUTO540205,计算机控制技术,32,2.0,葛思擘
SOFT510711,机器学习导论,32,2.0,GONG YIHONG
AUTO501327,系统仿真与元宇宙,32,2.0,卫军胡
AUTO545705,网络与信息安全,40,2.0,刘烃
EELC410205,半导体物理,56,3.5,徐友龙
JZSJ900927,储能电池设计制作及集成化-2,104,3.5,徐友龙
INFT400427,信号与系统V,52,3.0,廖学文
EELC422305,半导体器件,48,3.0,彭文博
INFT534005,微机原理及应用,48,2.5,乔瑞萍
SOFT511711,自然语言处理技术,32,2.0,姜沛林
MATH200127,离散数学Ⅳ,32,2.0,李振
INFT400127,通信原理与应用,96,5.5,范建存
EELC420605,集成电路工艺专题实验,48,1.5,杨明超
GNED100327,《时间简史》导读,16,1.0,钟渊
EELC200227,半导体物理与器件专题实验2,24,0.5,雷冰洁
EELC531105,半导体光电子学,32,2.0,李高明
MATH230405,信息科学的矩阵分析基础,32,2.0,杜清河
AUTO040105,自动化专业概论,16,1.0,蔡远利
EELC421905,模拟电子系统专题实验,32,1.0,齐欢欢
SOFT900211,面向对象程序设计综合训练,16,0.5,原盛
COMP202027,程序设计基础II,48,2.5,郗俊
SOFT500427,图像处理与机器视觉,40,2.5,祝继华
CODE520011,数字逻辑设计专题实验,32,1.0,张斌
COMP400127,无线传感器网络,32,2.0,范建存
EELC300527,半导体物理与器件,64,4.0,赵小龙
COMP251205,Python数据处理,48,2.5,夏秦
COMP200627,大学计算机I（米理）,56,3.0,薄钧戈
INFT534405,信号与系统IV,40,2.5,侯兴松
CORE100105,表达与交流,48,3.0,陈希
COMP200927,大学计算机 - 人工智能,52,3.0,崔舒宁
INFT533205,数字通信与无线系统,40,2.5,张国梅
EELC200105,微机原理与应用技术,56,3.0,姚向华
INFT431505,电子技术实验-2,16,0.5,张翠翠
SOFT420911,软件工程经济学,32,2.0,王晨旭
EELC531005,量子计算与量子电路基础,32,2.0,王大威
INFT533705,光纤通信,40,2.5,李杰
SOFT511111,大数据技术,32,2.0,赵加坤
EELC520805,集成电路封装技术,32,2.0,李高明
SOFT900911,Python程序设计综合训练,16,0.5,张玉龙
INFT534505,数字信号处理,40,2.5,张懿洁
AUTO440805,计算机网络原理与应用,48,2.5,杨静
MATH230305,工程优化方法与应用,32,2.0,高贞贞
GNED100527,艺术与科学的交汇,16,1.0,管晓宏
INFT532705,短距离无线通信专题实验,32,1.0,陈伟
INDE400127,人工智能导论（米理）,40,2.0,李垚辰
AUTO543305,电子线路设计设计训练专题实验2,24,0.8,刘美兰
AUTO542705,自动控制原理专题实验2,16,0.5,景洲
COMP250405,大学计算机基础（民族预科）,56,3.0,顾刚
INFT533905,通信网与程控交换技术,40,2.5,张亦希
EELC511105,电子材料与器件原理,40,2.5,周迪
GNED101127,系统工程与项目管理,32,2.0,彭勤科
MATH200105,离散数学B,48,3.0,钱屹
COMP401627,面向对象程序设计,32,2.0,薄钧戈
EELC422205,数字系统设计专题实验,32,1.0,雷冰洁
SOFT420811,数据库系统（英）,40,2.5,候迪
COMP201027,大学计算机 - 信息技术,52,3.0,顾刚
COMP300727,嵌入式智能系统,40,2.0,李保红
AUTO501227,智能信息融合,32,2.0,韩德强
AUTO545605,无线传感器网络,32,2.0,姚向华
INFT533805,数据通信与计算机网络,40,2.5,洪伟
COMP252005,数字逻辑电路,48,3.0,王萍
COMP201327,面向对象与桌面应用程序设计,36,2.0,房琛琛
JZSJ300111,专业实习,0,3.0,金莉
INFT533005,工程与社会,8,0.5,张育
COMP561405,游戏设计与开发（AR/VR）,32,2.0,唐亚哲
SOFT500127,数据库系统设计综合训练,16,0.5,白秀秀
GNED101627,硅谷创新简史,32,2.0,李丹
MATH300011,离散数学基础,48,3.0,柯炜
EELC411005,光电子学实验1,32,1.0,田亚玲
INFT300127,信号与系统III,48,3.0,杨阳
COMP550105,优化方法基础,32,2.0,罗敏楠
MATH200327,概率统计与随机过程,64,4.0,刘美琴
EELC421505,电介质物理,64,3.5,徐卓
COMP543305,“数据结构与程序设计”专题实验,32,1.0,刘美兰
EELC410805,物理电子学实验1,32,1.0,刘效增
GNED100927,普通人的诺奖之旅—量子十讲,16,1.0,王宏兴
AUTO441105,运动控制系统,40,2.5,杨旸
EELC420405,微电子制造技术,32,2.0,周磊簜
COMP201427,数据库技术及应用,36,2.0,刘跃文
EELC521305,大规模集成电路设计基础,48,3.0,王红义
COMP200827,大学计算机 - 数据分析,52,3.0,赵英良
COMP201227,算法设计与问题求解,36,2.0,谢涛
COMP251105,数据库基础及应用,36,2.0,卫颜俊
COMP201827,大数据分析与可视化,36,2.0,顾刚
GNED106505,卫星导航系统漫谈,32,2.0,杨宜康
SCTR530105,科研训练,32,1.0,李辉
INFT400227,信息物理融合能源系统,32,2.0,管晓宏
COMP201127,大学计算机 - 算法编程,52,3.0,贾应智
INFT534305,数字图象处理,32,2.0,梁毅军
AUTO400405,运筹学II,32,2.0,鄢超波
COMP400327,程序设计思想方法与实践,64,3.0,杨义军
AUTO545405,移动机器人,32,2.0,吕娜
COMP460305,数据结构与算法II,48,3.0,周亚东
COMP000327,计算概论,32,2.0,师斌
COMP250105,离散数学A,64,4.0,曹相湧
EELC410605,固体电子学实验1,32,1.0,王景平
JZSJ900527,初级项目2：基于FPGA开发板的数字系统设计,52,2.0,程军
EELC530405,射频电路设计专题实验,32,1.0,师振盛
COMP401927,数据结构与算法,48,3.0,黄鑫
SOFT500527,机器学习技术综合训练,16,0.5,庞善民
AUTO545505,数字图像与视频处理,40,2.5,兰旭光
AUTO540605,工业系统综合自动化基础,32,2.0,高峰
SOFT511211,计算机网络专题实验,32,1.0,张玉龙
AUTO545905,导航与制导原理,32,2.0,兰剑
EELC300127,数字逻辑电路Ⅱ,48,3.0,李昕
EELC000227,微电子科学与工程导论,16,1.0,程军
AUTO543205,“计算机控制技术”专题实验,32,1.0,景洲
GNED101227,经典阅读：理想国,16,1.0,李璟睿
ELEC300227,电子技术基础,96,5.0,符均
SOFT420311,编译原理,40,2.5,吴晓军
INFT430905,电磁场与电磁波,56,3.5,施宏宇
EELC422405,模拟集成电路设计II,40,2.5,桂小琰
SOFT300227,数字逻辑与数字系统,40,2.5,张斌
CORE100305,基于“互联网+”背景的创业基础,48,2.0,张莹
COMP300627,计算机科学基础和高级程序设计-1,32,2.0,李文
AUTO546205,智能机器人基础,32,2.0,曹建福
COMP501227,Rust语言程序设计,48,2.5,YANG ZIJIANG JAMES
AUTO400305,运筹学I,48,3.0,叶洪兴
AUTO543605,过程控制与系统专题实验,32,1.0,王莹
AUTO402327,运动控制系统（钱）,48,2.5,刘小勇
AUTO543005,“运动控制系统”专题实验,32,1.0,刘源
AUTO545005,智能控制,32,2.0,胡怀中
INFT534205,纠错编码理论,32,2.0,李锋
INFT400705,信号与系统III,52,3.0,黄健
COMP301127,数据结构与算法,56,3.0,乔亚男
INFT400327,平面阵列 X 线源成像方法设计,48,2.0,牟轩沁
AUTO540105,过程控制与系统,32,2.0,郑辑光
INFT431105,通信原理实验,16,0.5,张翠翠
COMP200727,大学计算机II（米理）,32,2.0,薄钧戈
SOFT400327,计算机网络,40,2.0,朱利
SOFT500627,网络信息安全,32,2.0,田暄
INFT300105,信号与系统Ⅰ,64,4.0,王霞
INFT530205,移动通信,40,2.5,罗新民
COMP551005,汇编语言,48,2.5,张兴军
CORE100405,大数据思维与科学创新,32,2.0,朱海萍
GNED100727,计算思维与程序设计,32,2.0,杨琦
GNED100827,从一到无穷大,16,1.0,李璟睿
GNED100627,互联网技术与应用,32,2.0,杨琦
GNED100127,《历史上最伟大的10个方程》,16,1.0,曹猛
MATH300127,认知心理学基础,32,2.0,刘剑毅
AUTO500427,游戏AI设计与开发,22,1.0,刘龙军
AUTO400427,机器人导航技术实验,32,1.0,袁泽剑
MATH200199,概率统计与随机过程（智）,64,4.0,左炜亮
AUTO300527,人工智能的现代方法II-机器学习,40,2.5,魏平
COMP200327,计算机体系结构,48,3.0,夏天
AUTO401027,多智能体与人机混合智能,40,2.0,郑南宁
AUTO200327,信息论,32,2.0,陈霸东
AUTO501127,智能感知与移动计算,38,2.0,王鸽
AUTO402127,人工智能工具、平台与系统,40,2.0,张旭翀
AUTO400927,机器人学基础,56,3.0,徐林海
COMP401427,强化学习,32,2.0,薛建儒
AUTO400627,脑信号处理实验,32,1.0,陈霸东
COMP500127,3D计算机图形学,38,2.0,刘跃虎
AUTO000199,人工智能导论,32,2.0,辛景民
AUTO500627,人工智能的科学理解,16,1.0,郑南宁
COMP401327,自然计算,32,2.0,郭宇
AUTO200127,计算机科学与人工智能的数学基础I,64,4.0,汪建基
ELEC422904,电力设备设计原理,32,2.0,王立军
ELEC428404,电储能系统与并网技术（未来）,32,2.0,王丰
ELEC327604,电工电子技术-1,48,3.0,王威望
ELEC526504,高电压综合实验,64,2.0,惠思思
CORE100104,新能源导论,32,2.0,吴坚
ELEC321304,电磁场与波,72,4.0,董天宇
EELC323704,现代电子技术,56,3.0,赵进全
ELEC427704,高电压技术,56,3.0,祝令瑜
ELEC427304,大数据科学与应用技术,32,2.0,焦在滨
ELEC327704,电工电子技术-2,48,3.0,陈国联
ELEC327804,电工电子技术实验-1,16,0.5,李瑞程
JZSJ901504,储能装置监测系统设计,64,3.0,宋政湘
ELEC527504,电器理论基础,48,2.5,王宣东
EELC322604,数字电子技术,48,3.0,韩春阳
ELEC528604,高电压绝缘技术基础,40,2.0,张冠军
CORE100204,能源互联网,16,1.0,王锡凡
ELEC528304,控制电机,48,2.5,孙萍
JZSJ901104,创新设计与竞赛课程,32,1.0,沈瑶
INSM401404,光电检测技术,32,2.0,丁晖
EELC322304,模拟电子技术基础,60,3.5,杨建国
ELEC521604,电机的智能控制,48,2.5,丁文
INSM400504,测控电路,40,2.0,丁晖
ELEC523504,电力系统仿真理论与实践,40,2.0,李宇骏
ELEC527704,高电压试验与测试,48,2.5,张乔根
JZSJ901004,国际交流,0,0.0,杨旭
EELC321804,模拟电子技术,64,4.0,刘涛
ELEC423704,电力系统稳态分析,68,4.0,郝治国
EELC322804,电子技术基础,80,4.0,夏建生
ELEC522504,现代控制理论基础,48,3.0,贾要勤
ELEC526204,电磁兼容技术,48,2.5,陈玉
ELEC523904,电力系统自动化,32,2.0,李宇骏
EELC321604,电子技术实验1,16,0.5,张锋
ELEC523304,新能源与分布式发电,40,2.0,吴锴
ELEC321104,电路,80,4.5,王霞
ELEC529504,智能电网储能应用技术,36,2.0,王建学
ELEC523204,新能源概论,48,2.5,吴锴
ELEC523604,电力系统继电保护原理,68,4.0,常仲学
EELC323504,电子技术基础,96,5.0,赵进全
NEEN400104,储能装置设计开发-2,104,3.5,宋政湘
ELEC521904,风力发电与太阳能发电技术,32,2.0,雷万钧
ELEC527204,放电等离子体基础及应用,32,2.0,李兴文
ELEC529404,单片计算机原理及应用,36,2.0,贾立新
EELC323004,电子技术实验-1,16,0.5,张锋
ELEC525704,工程电介质物理学,48,3.0,李建英
ELEC327904,电工电子技术实验-2,16,0.5,原晓楠
CORE102200,聚变能源与等离子体,32,2.0,李兴文
ELEC426304,电路,72,4.0,邹建龙
EELC422904,人工智能与智能仪器,64,3.5,曾翔君
GNED106504,科学测量与发现,32,2.0,吴治诚
INSM401104,自动化仪表,48,2.5,胡红利
INSM401304,MEMS传感器和执行器,32,2.0,李运甲
ELEC329104,电工电子技术实验Ⅱ,16,0.5,原晓楠
CORE100304,电磁通史与技术前沿,32,2.0,马慧
ELEC329504,电磁场,56,3.5,邹建龙
ELEC328104,模电与大数电实验-1,24,0.5,张锋
ELEC328204,模电与大数电实验-2,24,0.5,孙敏
ELEC329204,电工电子技术Ⅱ,32,2.0,王威望
ELEC427204,电气工程及其自动化专业导论,16,1.0,刘进军
ELEC529204,工业计算机控制技术,56,3.0,崔栋刚
ELEC524404,发电厂电气部分,36,2.0,闫晨光
EELC324104,信号与系统,36,2.0,王发强
ELEC427404,人工智能技术导论,32,2.0,曹晖
CORE100404,电气科学与人类文明,32,2.0,梁得亮
ELEC523704,电力系统新技术专题New Technology of Power Systems,16,1.0,王秀丽
GNED106004,前沿科技与伦理反思,32,2.0,徐正红
ELEC528704,电力开关设备,32,2.0,吴翊
ELEC328604,信号与系统II,60,3.5,王曙鸿
ELEC527604,电机设计,40,2.0,丁文
ELEC427904,电储能系统与并网技术,40,2.0,王丰
EELC321304,模拟电子技术（英文）,64,4.0,陈文洁
ELEC529304,电机测试技术,32,2.0,刘凌
ELEC423004,电气材料基础,32,2.0,张宏
ELEC524504,新能源电力系统规划与运行,40,2.0,刘俊
CODE900104,基于PBL（Project-Based Learning）的科研训练,224,8.0,寇鹏
GNED106104,等离子体与科技创新,32,2.0,常正实
GNED106404,新能源材料与装备,32,2.0,张磊
ELEC326104,电工电子技术导论,48,3.0,吴翊
GNED106304,电动汽车及其生态系统,32,2.0,韩晓刚
ELEC428004,能源互联网,32,2.0,谢海鹏
CODE420104,电子系统设计与实践,80,2.5,刘宁艳
MECH312006,基础力学实验-2,16,0.5,周律
JZSJ900806,结构模块课程设计-1,16,0.5,秦庆华
MECH402806,流体力学Ⅱ,56,3.0,许丁
MECH311706,理论力学,56,3.5,张亚红
MECH511906,塑性力学,32,2.0,尚福林
AASP300206,空气与气体动力学,72,4.0,孟雪广
MECH402906,实验力学-1,32,2.0,裴翠祥
AASP502706,飞行器结构课程设计,32,1.0,夏巍
MECH403106,计算流体力学,36,2.0,陈春刚
MECH514806,疲劳与断裂,32,2.0,王正锦
MECH514906,界面流体力学（英）,20,1.0,张旭瑞
AASP414706,工程热力学II,48,3.0,雷蒋
MECH311906,基础力学实验-1,16,0.5,黄莺
CORE100106,力学与工程,32,2.0,刘子顺
AASP414006,航空推进原理,56,3.0,杨亚晶
SCTR400206,科研训练-2,80,0.5,郁汶山
MECH311506,工程力学I,64,3.5,谭宁
AASP504006,航天器动力学与控制,32,2.0,郎安琪
JZSJ900606,力学分析软件概论,24,1.0,裴翠祥
MECH514106,高等动力学,32,2.0,江俊
MECH312306,工程材料力学,48,3.0,丁春华
MECH200106,张量分析与变分法,32,2.0,张伟旭
MECH401206,振动力学,48,3.0,罗亚军
MECH514406,复合材料力学,16,1.0,宋亚勤
AASP503206,项目设计,32,1.0,胡淑玲
AASP414506,航空航天推进技术,32,2.0,左逢源
MECH311306,力学与空天工程概论,16,1.0,申胜平
MECH511806,非线性动力学导论,32,2.0,谢勇
MECH515606,旋涡运动基础,32,2.0,菅振
MECH300906,机械工程基础,32,2.0,张建勋
AASP502906,飞行控制系统设计,32,2.0,荣海军
AASP503306,人工智能技术概论,32,2.0,杨朝旭
MECH900806,专业认知II,16,0.5,宋建伟
AASP501406,航空发动机结构与强度,40,2.5,杨利花
MECH513906,先进材料与结构,32,2.0,侯俊玲
MECH403406,固体力学,96,6.0,刘咏泉
AASP504106,航空发动机结构动力学,32,2.0,徐自力
AASP414406,飞行器制导与导航原理,40,2.0,梁勇奇
MECH516006,船舶与平台结构基础,16,1.0,秦庆华
JZSJ900706,工程结构（实物）项目设计-1,16,0.5,李勇
MECH311406,工程力学II,48,3.0,冯沛华
AASP501306,飞行器总体课程设计,32,1.0,张扬
MECH403006,实验力学-2,64,2.0,裴翠祥
AASP414606,热工基础Ⅱ,32,2.0,阳倦成
AASP414306,航天飞行器总体设计,32,2.0,陈刚
MECH311806,材料力学,56,3.5,王飞
CORE100206,空间科学与空天技术,32,2.0,刘振
MECH901306,力学史,16,1.0,申胜平
MECH402706,计算固体力学,40,2.0,李录贤
AASP414206,航空飞行器总体设计,32,2.0,胡淑玲
BIME512813,生物信息学,40,2.0,张虎勤
BIME512313,生物仪器分析,44,2.0,魏晶
BIOL200413,生物2,40,2.0,闫菡
BIOL422613,生物创新综合实验-1,64,2.0,孔宇
BIME512013,单片机与嵌入式系统,64,3.0,周秦武
BIOL422913,生命科学综合实验-1,32,1.0,孔宇
BASM310613,医学基础,64,4.0,李延海
CHEM210713,生化仪器分析,32,2.0,武亚艳
BIME413113,生物医学工程综合设计实验,64,2.0,王刚
BIME513213,生物传热与传质,32,2.0,冯上升
BIOL200913,生命科学基础I,56,3.0,郭莉
BIOL310713,细胞生物学 Cell Biology,48,3.0,丁岩
CORE100213,华夏文明探源工程概述,32,2.0,张虎勤
BIME512413,数据结构与算法,40,2.0,许夏瑜
BIME411613,生物医学传感与仪器,48,3.0,李津
BIOL522113,干细胞与再生医学,32,2.0,王昌河
BIOL421613,生物化学-2,48,3.0,李剑君
BIOL521113,合成生物学,32,2.0,谭丹
BIME513913,微流控芯片技术,32,2.0,冯上升
BIOL521413,生物制药技术,32,2.0,高美丽
BIOL521613,基因组学,32,2.0,杨铁林
BIOL320913,Molecular Biology,48,3.0,卢晓云
BIME510213,康复工程,32,2.0,刘天
BIME514113,医用光学成像原理与仪器,32,2.0,王斯佳
BIME411813,生物医学传感与仪器专题实验,32,1.0,李津
BIME412713,生物医学工程综合设计实验Ⅰ,32,1.0,周秦武
BIOL321113,生物化学-2,32,2.0,孔宇
BICH300613,生物化学实验,32,1.0,李华
BIME513013,物理治疗原理与设备,32,2.0,张思远
BIOL522513,生物科技史,32,2.0,丁岩
BIOL423013,生命科学前沿,32,2.0,王昌河
BIOL421413,分离综合开放实验,48,1.5,张雅利
BIOL201013,生命科学基础II,56,3.0,刘颖
BIME514013,高等生物材料,32,2.0,靳国瑞
BIME514313,生物医学光子学,32,2.0,姚翠萍
BIOL321613,分子生物学实验H,32,1.0,卢晓云
CORE100113,生命起源与生物进化,32,2.0,刘晓刚
BIOL421713,生物信息学,64,3.0,杨铁林
BIOL521813,生物组学与精准医学,32,2.0,曹可
BIOL423213,生命科学创新实践,64,2.0,许丹
BIOL521913,衰老生物学,32,2.0,曹可
BIME412413,医学智能诊断,44,2.0,许夏瑜
BIME512113,医疗器械研发管理与产品认证,36,2.0,李剑君
BIOL321413,细胞生物学实验H,32,1.0,高美丽
BIME900313,科研思维训练-1,16,0.5,朱键
BIOL521513,发酵技术与应用,32,2.0,高美丽
BIME412813,医学基础专题实验,32,1.0,刘雪良
BIOL321013,遗传学,48,3.0,郭燕
CORE101200,营养与健康,32,2.0,丁岩
BIOL310513,遗传学实验,32,1.0,杨铁林
BIOL521713,基因编辑与基因治疗,32,2.0,丁岩
BIME410513,医学信息工程,32,2.0,李尤君
BIME413013,生物医学工程概论,32,2.0,张建保
BIOL422013,发酵综合开放实验,48,1.5,高美丽
BIOL420713,化学生物学,48,3.0,李菲
BIOL511313,神经生物学与脑科学,32,2.0,李延海
BIOL310913,遗传学Genetics,56,3.5,闫菡
CORE100313,纳米科技前沿,32,2.0,姚翠萍
GNED106313,探索生命奥秘—生命科学史,32,2.0,高琨
GNED107003,汽车文化与社会发展,32,2.0,刘虎
NUCL321003,核辐射防护,40,2.0,胡华四
ENPO421203,汽轮机原理,56,3.0,宋立明
GNED107103,《唐宋词鉴赏辞典》经典阅读,16,1.0,屠珊
NUCL420403,原子核物理实验方法,48,3.0,张清民
ENPO421103,锅炉原理,56,3.0,邓磊
ENPO421503,储能热流基础实验,16,0.5,孟婧
ENPO421703,传热传质学,56,3.0,方文振
EVNG400303,水污染控制工程,64,4.0,王云海
NUCL420803,核反应堆控制,40,2.0,魏新宇
GNED107503,能量与文明,32,2.0,雷贤良
NEEN400403,流体机械能转化原理与技术,38,2.0,陈斌
ENPO341003,自动控制原理Ⅰ,52,2.5,周延
NUCL421003,核电厂系统与动力设备,40,2.5,王成龙
EVNG401203,专业综合实验,64,2.0,张瑜
CORE100703,全球科技史纲,32,2.0,白涛
GNED107803,通向绝对零度之路——制冷与低温科技史话,32,2.0,陈蕴光
CORE101600,人与环境,32,2.0,徐浩
NUCL520203,核分析技术,32,2.0,臧航
ENPO200203,热工基础Ⅰ,44,2.5,程泽东
CORE100103,能源与人类文明发展,32,2.0,杨冬
ENPO413103,流体热物性测试技术,56,3.0,吴江涛
ENPO420703,流体机械原理,56,3.0,秦国良
ENPO342103,先进制冷低温技术,56,3.0,侯予
ENPO422903,热质储能技术及应用（未来）,40,2.5,陶于兵
ENPO421303,汽车理论及构造,48,3.0,魏衍举
GNED107203,储能技术创新与能源革命,32,2.0,安豆
GNED105203,中华灯谜艺术及欣赏,32,2.0,王美玲
GNED106403,制冷技术概论：从地面到空间,32,2.0,赖天伟
ENPO413303,透平机械流体动力学,48,3.0,何坤
ENPO342003,储能原理与应用,48,3.0,刘朝晖
EVNG401303,污染控制实验,64,2.0,张瑜
ENPO420603,制冷与低温技术原理,52,3.0,陈蕴光
ENPO420903,压缩机原理与结构,52,3.0,曹锋
EVNG400503,固体废物处理与处置,48,3.0,高宁博
NEEN400103,生物学基础与生物质能转化原理及技术,60,3.5,吕友军
GNED107703,项目管理理论与实践,32,2.0,郭怡
ENPO341203,工程热力学Ⅰ,64,3.5,张颖
CORE100803,Energy and Environment,32,2.0,褚雯霄
CORE100503,核与世界,32,2.0,曹良志
ENPO341403,流体力学（英）,64,3.5,孙金菊
CORE100303,科学技术与工程伦理,32,2.0,党政
GNED106203,星际航行与低温技术,32,2.0,马原
ENPO200303,大学计算机 -工程算法编程,56,3.0,王登辉
ENPO341303,热能与动力测试技术,52,2.5,宫武旗
ENPO341503,热流体课程实验-1,32,1.0,唐上朝
NEEN400503,新能源热利用与热发电原理及系统,46,2.5,赵亮
EVNG401403,环境规划与管理Ⅰ,32,2.0,孙健
ENPO341903,现代电力生产技术,56,3.0,刘继平
ENPO529303,能源科学技术前沿讲座,16,1.0,严俊杰
GNED106603,新能源汽车与无人驾驶革命,32,2.0,李倩倩
EVNG401503,环境化学Ⅱ,32,2.0,延卫
EVNG400103,大气污染控制工程,64,4.0,何炽
ENPO422803,传热传质学（未来）,48,2.5,陶文铨
NUCL320403,核材料基础,32,2.0,恽迪
NUCL421303,核信息获取与处理,32,1.5,刘书焕
MATH411607,拓扑学,48,3.0,张强
EVNG400703,环境影响评价,32,2.0,刘萍萍
NUCL421103,核反应堆热工分析,48,2.5,田文喜
GNED106103,汽车构造,32,2.0,汪映
GNED106903,走向富足：通过科技改变人类未来,16,1.0,周致富
GNED108003,摄影艺术与实践,32,2.0,李一鸣
NUCL420603,电离辐射剂量学,52,2.5,刘书焕
MATH900103,工程数学建模,40,2.0,陈磊
ENPO421403,新能源汽车动力与控制,52,3.0,姜雪
ENPO421803,热质储能技术及应用实验,16,0.5,孟婧
NUCL420703,核反应堆物理分析,40,2.5,祖铁军
NUCL420903,核电子学,48,2.5,贺朝会
ENPO421003,发动机原理与构造,60,3.0,胡二江
NUCL320503,原子物理,32,2.0,赵耀林
ENPO420803,热力发电厂,58,3.0,刘继平
ENPO421603,储能热流基础,64,4.0,何雅玲
ENPO341103,流体力学Ⅰ,64,3.5,付雷
NUCL320103,量子力学,48,3.0,赵耀林
ENPO421903,热质储能技术及应用,40,2.5,陶于兵
ENPO340803,工程热力学（英）,64,3.5,辛楠
ENPO413203,换热器设计,48,3.0,曾敏
NEEN300203,材料科学基础与新能源材料,40,2.5,黄建兵
GNED108103,书香致远——阅读的艺术,16,1.0,朱爱斌
CORE100203,再创式学习方法与技术创新训练,32,2.0,薛绒
GNED106503,能源绿色转化与碳减排,32,2.0,杜勇博
GNED106303,大数据及工程应用数据挖掘技术,32,2.0,李良星
GNED107903,能源工程经济学,32,2.0,刘朝晖
MATL200102,工程材料基础,56,3.0,王红洁
MATL402402,材料工程基础,40,2.5,周根树
MATL400702,Characterization techniques in materials science research,32,2.0,陈凯
MATL403102,材料科学基础,40,2.5,雒晓涛
MATL402602,材料研究方法,32,2.0,王疆靖
GNED100302,多学科交叉创新与自主创业实践,32,2.0,田高良
MATL400902,材料工程基础,64,4.0,张林杰
MATL402802,功能材料学,32,2.0,潘毅
MATL400602,材料性能,48,3.0,王悦存
MATL401402,高分子化学与物理实验,32,1.0,张启路
GNED100202,动漫世界的材料化学探秘,32,2.0,王章洁
MATL401902,材料科学基础-1,32,2.0,杨冠军
MATL401302,材料性能与测试技术实验,32,1.0,陈凯
MATL401202,金相制备与分析实验,32,1.0,席生岐
MATH413107,数值分析,48,3.0,马军
MATH442407,偏微分方程数值解法,48,3.0,侯延仁
MATH295607,概率统计与随机过程,64,4.0,王宁
MATH201307,数学建模I,58,3.0,乔琛
MATH294307,高等数学I-2,110,6.5,褚蕾蕾
MATH297407,高等数学III-2,80,5.0,刘亚相
MATH295907,高等数学I-2（留）,88,5.5,刘峰
MATH297807,高等数学II-2,99,6.0,高安喜
MATH297707,高等数学IV-2,64,4.0,任平安
MATH296107,工科数学分析-2,99,6.0,任平安
MATH297207,高等数学-2,80,5.0,韩国栋
MATH293607,高等数学（留） II2,104,6.5,刘峰
MATH296407,工科数学分析-2,99,6.0,刘康民
MATH293507,数学Ⅱ,48,3.0,王立周
XJLU200407,抽象代数导论,150,5.0,郭振宇
MATH295207,高等代数与几何I-2,96,6.0,王卫
XJLU200507,分析-2,150,5.0,郭振宇
MATH311107,实变函数,48,3.0,邸双亮
MATH293807,高等数学（民族预科）,96,6.0,邸双亮
MATH200807,概率论,32,2.0,戴艳俊
MATH542407,近代数学选讲,32,2.0,王斌
MATH525207,机器学习,32,2.0,孟德宇
MATH442707,最优化方法,48,3.0,刘嘉
MATH544307,黎曼几何,48,3.0,王立周
MATH542107,统计学习(含R软件),32,2.0,张讲社
MATH201607,数学物理方程,32,2.0,张丹
MATH543007,数字图像处理,32,2.0,孙剑
MATH544807,应用科学中的反问题,32,2.0,杨家青
MATH311207,复变函数,48,3.0,董荣
MATH442207,生物统计基础,56,3.0,李丽敏
MATH293207,线性代数,64,4.0,王仁振
MATH294607,数学分析II-2,96,6.0,易媛
MATH342607,概率论与数理统计课程答疑,0,0.0,赵小艳
MATH296707,高等数学I-2课程答疑,0,0.0,赵小艳
MATH295507,概率论与数理统计,48,3.0,宋鹏飞
MATH201107,复变函数与积分变换,48,3.0,陈虎民
MATH542207,抽象代数讨论班,32,2.0,李东升
MATH294907,数学分析I-2,96,6.0,陆亚明
MATH443407,时间序列与金融统计,48,3.0,康尧
MATH325107,概率论,64,4.0,付利亚
MATH311607,实变函数,64,4.0,刘小川
MATH296907,概率论与数理统计,48,3.0,赵小艳
MATH543407,组合与图论,32,2.0,鲁红亮
MATH298307,概率论与数理统计(米理),48,3.0,董从造
MATH542707,动力系统初步,32,2.0,祖建
MATH201407,数学建模II,40,2.0,李换琴
XJLU200207,应用数学方法导论,150,5.0,徐小绪
MATH544007,贝叶斯统计,32,2.0,赵谦
MATH544607,代数拓扑讨论班,32,2.0,陆亚明
MATH295407,高等代数与几何II-2,80,5.0,贾惠莲
MATH010007,专业导论（数学类）,16,1.0,郭士民
MATH297907,高等数学V,64,4.0,马军
MATH544507,数值代数,32,2.0,王飞
MATH293307,基础数学实验,48,2.0,马军
XJLU200107,动力学模型,150,5.0,唐彪
MATH201507,经济数学建模,36,2.0,董安国
MATH443507,多元数据分析与统计软件,58,3.0,张春霞
MATH544907,地学大数据分析,32,2.0,王治国
MATH442607,矩阵分析,48,3.0,曾薇
MATH411707,微分几何,48,3.0,张正策
POLI500118,国际政治,32,2.0,崔瑞锋
MAGT301518,项目管理,32,2.0,杨东朗
MAGT501118,电子政务,32,2.0,马宁
MAGT501518,劳动关系学,32,2.0,张泽滈
MAGT500618,社会保障精算,48,3.0,封铁英
MAGT501218,保险学,32,2.0,杨潇
ECND302618,计量经济学,32,2.0,王洋
POLI400118,中外政治思想史,32,2.0,吕书鹏
STAT300518,社会统计学,64,4.0,许永建
COMP301018,大数据技术与应用,32,2.0,李清宏
GNED105718,循环科学与生态文明,32,2.0,王浥尘
MAGT302618,人口分析,32,2.0,姜全保
MAGT500518,公共治理,32,2.0,刘晨晖
MAGT500218,国家公务员制度,32,2.0,白萌
MAGT501318,社会福利与优抚,32,2.0,毛瑛
JZSJ400418,科研训练,32,1.0,白萌
MAGT000118,公共管理专业导论,16,1.0,杨小军
MAGT501918,政府与企业,32,2.0,刘朔
MAGT302418,政府公文写作,32,2.0,梅红
MAGT500918,城市管理学,32,2.0,胡春萍
MAGT300818,公共管理研究方法,32,2.0,柳江华
MAGT401318,中国政府与政治制度,32,2.0,白萌
MAGT400418,组织行为学Ⅱ,32,2.0,周忠良
MAGT500318,比较政治制度,32,2.0,姚秀颖
MAGT302218,职业生涯规划,32,2.0,马伟
ECND302318,卫生经济学,24,1.5,赖莎
MAGT302318,农村发展,32,2.0,黎洁
GNED105918,中国人口转变与社会治理,32,2.0,刘慧君
ECND400118,公共经济学,32,2.0,雍岚
MAGT501618,政府运作与管理,32,2.0,阎波
MAGT401118,社会保险理论与实务,32,2.0,章芬
ECND302518,宏观经济学Ⅲ,32,2.0,杜巍
MAGT401218,劳动经济学,48,3.0,胡芳肖
MATH400218,运筹学,32,2.0,郭雪松
GNED106318,中国地方行政导论,32,2.0,崔瑞锋
GNED105818,经典导读：集体行动的逻辑,16,1.0,王洋
CORE100318,当代中国公共管理与政策分析,32,2.0,黎洁
CORE100218,谋与断：中国治理现代化的思与悟,32,2.0,王洋
GNED106118,马尔萨斯《人口原理》,16,1.0,柳江华
GNED106018,人工智能与伦理,32,2.0,李清宏
LAWS404224,国际私法学（英）,32,2.0,郭剑萍
LAWS405924,民法分论,48,3.0,马宁
LAWS404624,中国法律史Ⅰ,32,2.0,杜军强
LAWS506824,国际知识产权法,32,2.0,权彦敏
LAWS403424,国际经济法学,48,3.0,林雪贞
LAWS404724,国际私法学,32,2.0,李万强
LAWS401624,劳动与社会保障法学,32,2.0,王玉苹
LAWS405824,知识产权法Ⅱ,32,2.0,周方
LAWS405724,刑法分论Ⅱ,48,3.0,苏青
LAWS501324,公司法,32,2.0,张冰
LAWS507524,国际投资法（英）,32,2.0,杜娟
LAWS404524,国际经济法学（英）,32,2.0,谷婀娜
LAWS405224,刑法分论Ⅰ,48,3.0,苏青
LAWS403824,法理学,48,3.0,苟学珍
LAWS505824,犯罪学,32,2.0,安婧
LAWS404424,中国法律史Ⅱ,32,2.0,杜军强
LAWS300724,经济法学,32,2.0,吴锐
LAWS404824,国际法学（英）,32,2.0,单文华
LAWS403724,民法学与民事诉讼法学,48,3.0,聂卫锋
LAWS404124,法律职业伦理,32,2.0,王碧
LAWS403124,法律诊所,0,2.0,苟学珍
LAWS302424,中国法律史,32,2.0,杜军强
LAWS403224,商法学,48,3.0,楼晓
LAWS403624,经济法,48,3.0,齐鹏
LAWS405124,知识产权法Ⅰ,32,2.0,李晓鸣
LAWS506224,法律英语,32,2.0,刘丽娜
LAWS506324,证据法,32,2.0,张弘
LAWS404324,国际经济法学,32,2.0,陈虹睿
LAWS501224,亲属与继承法,32,2.0,曹晓路
CORE100124,当代中国法治热点问题及其解读,32,2.0,王保民
LAWS406724,民法分论,64,4.0,薛华
JZSJ900124,科研训练-2,32,1.0,丁卫
LAWS508224,国际商法,32,2.0,陈虹睿
LAWS406624,刑法分论,48,3.0,苏青
LAWS505524,国际投资法,32,2.0,单文华
LAWS500524,立法学,32,2.0,张艾思
LAWS405524,法庭辩论与法律谈判,64,2.0,李晓鸣
LAWS500424,外国法制史,32,2.0,王玉苹
AUTO544905,工业社会学,24,1.5,李萌
CORE100601,工业文明与数字社会,32,2.0,高建民
CORE102600,创新思维和机器人创客实践,48,3.0,张英杰
FEES300101,工程光学I,48,3.0,王兰兰
FEES400101,食品化学,56,3.0,彭锦峰
FEES400301,微生物学,32,2.0,薛晚利
FEES400501,微生物学实验,32,1.0,张璐薇
GNED100401,项目管理,32,2.0,范亮亮
GNED100601,面向创业的机电产品创新设计,48,2.0,张俊
GNED100701,数字化设计与制造软件应用基础,40,2.0,许睦旬
GNED100801,走进机器人：项目驱动的创新与实践,52,2.0,徐俊
GNED101001,艺术设计思维与实践,32,2.0,杨增耀
